{
  "toggle_mod": true,
  "animation_speed": 200,
  "curve_points": [
    [
      0.25390625,
      0.4140625
    ],
    [
      0.48828125,
      0.6953125
    ]
  ]
}